{"cameraMode":{"drawMode":0,"name":"Shaded","section":"Shading Mode"},"sceneLighting":false,"audioPlay":false,"sceneViewState":{"showFog":false,"showMaterialUpdate":false,"showSkybox":false,"showFlares":false,"showImageEffects":false,"showParticleSystems":false},"in2DMode":false,"pivot":{"x":-1165.191650390625,"y":-846.9235229492188,"z":681.6754760742188},"rotation":{"x":-0.24343012273311616,"y":0.4817429482936859,"z":-0.14131958782672883,"w":-0.8299668431282044},"size":1814.949462890625,"orthographic":false}