{"cameraMode":{"drawMode":0,"name":"Shaded","section":"Shading Mode"},"sceneLighting":false,"audioPlay":false,"sceneViewState":{"showFog":false,"showMaterialUpdate":false,"showSkybox":false,"showFlares":false,"showImageEffects":false,"showParticleSystems":false},"in2DMode":false,"pivot":{"x":-1746.3043212890625,"y":-1440.53271484375,"z":-642.0477905273438},"rotation":{"x":-0.17697641253471375,"y":0.7713219523429871,"z":-0.2462480068206787,"w":-0.5611281394958496},"size":2594.20703125,"orthographic":false}