{"cameraMode":{"drawMode":0,"name":"Shaded","section":"Shading Mode"},"sceneLighting":false,"audioPlay":false,"sceneViewState":{"showFog":false,"showMaterialUpdate":false,"showSkybox":false,"showFlares":false,"showImageEffects":false,"showParticleSystems":false},"in2DMode":false,"pivot":{"x":71.26341247558594,"y":-216.61294555664063,"z":-4.6428117752075199},"rotation":{"x":-0.3517100214958191,"y":-0.6273860335350037,"z":0.37891924381256106,"w":-0.5823884010314941},"size":681.614501953125,"orthographic":false}